{"cameraMode":{"drawMode":0,"name":"Shaded","section":"Shading Mode"},"sceneLighting":false,"audioPlay":false,"sceneViewState":{"m_AlwaysRefresh":false,"showFog":true,"showSkybox":false,"showFlares":true,"showImageEffects":true,"showParticleSystems":true,"showVisualEffectGraphs":true,"m_FxEnabled":true},"in2DMode":false,"pivot":{"x":-0.4243367910385132,"y":0.02001631259918213,"z":-0.469188928604126},"rotation":{"x":-0.004355419892817736,"y":0.9953832626342773,"z":-0.055300526320934299,"w":-0.07840067893266678},"size":0.8100897073745728,"orthographic":true}