{"cameraMode":{"drawMode":0,"name":"Shaded","section":"Shading Mode"},"sceneLighting":false,"audioPlay":false,"sceneViewState":{"m_AlwaysRefresh":false,"showFog":true,"showSkybox":false,"showFlares":true,"showImageEffects":true,"showParticleSystems":true,"showVisualEffectGraphs":true,"m_FxEnabled":true},"in2DMode":false,"pivot":{"x":0.041275471448898318,"y":-0.12206380069255829,"z":-0.05044621229171753},"rotation":{"x":0.0008318104082718492,"y":0.9978421330451965,"z":-0.06445012241601944,"w":0.01287093572318554},"size":0.7940170168876648,"orthographic":false}