{"cameraMode":{"drawMode":0,"name":"Shaded","section":"Shading Mode"},"sceneLighting":false,"audioPlay":false,"sceneViewState":{"m_AlwaysRefresh":false,"showFog":true,"showSkybox":false,"showFlares":true,"showImageEffects":true,"showParticleSystems":true,"showVisualEffectGraphs":true,"m_FxEnabled":true},"in2DMode":false,"pivot":{"x":0.8248471617698669,"y":0.10000009834766388,"z":-0.012498723343014717},"rotation":{"x":0.2565792202949524,"y":0.011597732082009316,"z":-0.0030790255405008795,"w":0.9664490818977356},"size":0.40383267402648928,"orthographic":false}